{"stat.chestOpened":4,"stat.pickup.minecraft.bone":1,"stat.useItem.minecraft.iron_axe":18,"stat.leaveGame":20,"stat.pickup.minecraft.arrow":2,"stat.craftItem.minecraft.cooked_porkchop":77,"stat.mineBlock.minecraft.cobblestone":1,"stat.mineBlock.minecraft.yellow_flower":1,"stat.craftItem.minecraft.iron_axe":1,"stat.useItem.minecraft.porkchop":7,"stat.pickup.harvestcraft.chilipepperitem":1,"stat.useItem.minecraft.rotten_flesh":1,"stat.swimOneCm":14896,"stat.jump":2037,"stat.pickup.minecraft.coal":53,"stat.fallOneCm":48822,"stat.useItem.minecraft.planks":4,"stat.climbOneCm":4184,"stat.mineBlock.minecraft.web":1,"stat.useItem.minecraft.stone_axe":97,"stat.pickup.minecraft.porkchop":85,"stat.crouchOneCm":651,"stat.craftItem.minecraft.iron_ingot":10,"stat.pickup.minecraft.dirt":33,"stat.useItem.minecraft.dirt":10,"stat.useItem.minecraft.stone_slab2":10,"stat.useItem.minecraft.cooked_chicken":3,"stat.craftingTableInteraction":108,"stat.pickup.minecraft.iron_ore":4,"stat.pickup.minecraft.rotten_flesh":4,"stat.craftItem.minecraft.furnace":1,"stat.useItem.minecraft.egg":2,"stat.craftItem.minecraft.stone_axe":1,"stat.mineBlock.minecraft.leaves2":1,"stat.pickup.minecraft.wooden_pickaxe":1,"stat.mineBlock.minecraft.log2":17,"stat.damageTaken":2275,"stat.pickup.minecraft.feather":8,"stat.craftItem.minecraft.stone_pickaxe":1,"stat.mineBlock.minecraft.furnace":2,"stat.mineBlock.minecraft.torch":14,"stat.useItem.minecraft.wooden_pickaxe":42,"stat.pickup.minecraft.cobblestone":47,"stat.pickup.minecraft.log2":19,"stat.pickup.minecraft.planks":26,"stat.craftItem.minecraft.stone_sword":1,"stat.flyOneCm":287933,"stat.pickup.spartanweaponry.dagger_stone":4,"stat.entityKilledBy.Zombie":3,"stat.useItem.minecraft.stone_pickaxe":24,"stat.damageDealt":5320,"stat.pickup.minecraft.redstone":2,"stat.mineBlock.minecraft.iron_ore":1,"stat.sleepInBed":2,"stat.timeSinceDeath":73833,"stat.mineBlock.minecraft.dirt":11,"stat.useItem.minecraft.iron_pickaxe":40,"stat.killEntity.Pig":44,"stat.craftItem.minecraft.wooden_pickaxe":2,"stat.pickup.minecraft.mutton":1,"stat.pickup.harvestcraft.elderberryitem":4,"stat.craftItem.minecraft.iron_sword":1,"stat.craftItem.minecraft.leather":1,"stat.walkOneCm":301241,"stat.craftItem.minecraft.bed":1,"stat.useItem.spartanweaponry.dagger_stone":37,"stat.pickup.minecraft.wooden_axe":1,"stat.pickup.minecraft.crafting_table":3,"stat.furnaceInteraction":59,"stat.craftItem.minecraft.crafting_table":1,"stat.useItem.minecraft.cooked_porkchop":54,"stat.killEntity.ZombieVillager":1,"stat.mineBlock.minecraft.coal_ore":53,"stat.pickup.minecraft.log":50,"stat.pickup.minecraft.string":1,"stat.pickup.spartanweaponry.material":1,"stat.pickup.minecraft.furnace":2,"stat.craftItem.minecraft.stone_slab2":0,"stat.pickup.minecraft.stone":2,"stat.pickup.minecraft.chicken":10,"stat.pickup.minecraft.sapling":5,"stat.sprintOneCm":209633,"stat.craftItem.minecraft.stick":16,"stat.craftItem.minecraft.wooden_axe":1,"stat.killEntity.Skeleton":1,"stat.craftItem.minecraft.planks":156,"stat.useItem.minecraft.iron_sword":15,"stat.killEntity.Chicken":10,"stat.pickup.harvestcraft.barleyitem":2,"stat.mineBlock.minecraft.crafting_table":3,"stat.mobKills":59,"stat.mineBlock.minecraft.log":38,"stat.entityKilledBy.Creeper":1,"stat.craftItem.minecraft.cooked_chicken":10,"stat.deaths":5,"stat.mineBlock.minecraft.planks":2,"stat.mineBlock.minecraft.leaves":10,"stat.pickup.minecraft.egg":4,"stat.playOneMinute":114891,"stat.pickup.minecraft.torch":14,"stat.killEntity.Sheep":1,"stat.sneakTime":125,"stat.craftItem.minecraft.iron_pickaxe":1,"stat.pickup.minecraft.wool":1,"stat.killEntity.Zombie":2,"stat.useItem.minecraft.wooden_axe":21,"stat.pickup.minecraft.yellow_flower":1,"stat.mineBlock.minecraft.stone":47,"stat.mineBlock.minecraft.tallgrass":8,"stat.diveOneCm":16780,"stat.pickup.bountifulbaubles.potionwormhole":4}