{"stat.pickup.minecraft.wooden_slab":19,"stat.leaveGame":16,"stat.craftItem.minecraft.iron_axe":1,"stat.mineBlock.basemetals.copper_ore":1,"stat.useItem.basemetals.tin_pickaxe":32,"stat.mineBlock.minecraft.sandstone":63,"stat.pickup.basemetals.tin_ore":10,"stat.useItem.minecraft.planks":25,"stat.pickup.minecraft.porkchop":25,"stat.pickup.minecraft.rotten_flesh":31,"stat.pickup.minecraft.sand":296,"stat.craftItem.minecraft.stone_axe":3,"stat.pickup.harvestcraft.sweetpotatoitem":7,"stat.craftItem.spartanweaponry.boomerang_stone":1,"stat.mineBlock.minecraft.wooden_slab":14,"stat.craftItem.minecraft.cobblestone_wall":6,"stat.useItem.spartanweaponry.boomerang_stone":18,"stat.pickup.harvestcraft.radishitem":3,"stat.craftItem.minecraft.iron_shovel":1,"stat.mineBlock.minecraft.sand":300,"stat.pickup.harvestcraft.scallionitem":1,"stat.useItem.minecraft.iron_pickaxe":866,"stat.craftItem.minecraft.wooden_pickaxe":1,"stat.useItem.minecraft.iron_shovel":155,"stat.pickup.harvestcraft.rhubarbitem":5,"stat.craftItem.minecraft.glass_pane":80,"stat.pickup.spartanshields.shield_tower_wood":1,"stat.furnaceInteraction":77,"stat.useItem.harvestcraft.leekitem":2,"stat.pickup.harvestcraft.turnipitem":3,"stat.pickup.minecraft.beef":3,"stat.useItem.minecraft.cooked_mutton":5,"stat.pickup.minecraft.furnace":2,"stat.useItem.harvestcraft.blackberryitem":3,"stat.pickup.basemetals.copper_ore":1,"stat.deaths":2,"stat.pickup.minecraft.egg":3,"stat.playOneMinute":178572,"stat.craftItem.minecraft.iron_pickaxe":4,"stat.mineBlock.minecraft.tallgrass":8,"stat.craftItem.minecraft.cooked_mutton":5,"stat.chestOpened":29,"stat.pickup.harvestcraft.tomatoitem":4,"stat.pickup.minecraft.arrow":4,"stat.pickup.minecraft.waterlily":1,"stat.drop.minecraft.iron_pickaxe":1,"stat.fallOneCm":34855,"stat.crouchOneCm":32057,"stat.craftItem.minecraft.iron_ingot":50,"stat.craftItem.minecraft.chest":7,"stat.pickup.harvestcraft.walnutitem":4,"stat.craftingTableInteraction":49,"stat.mineBlock.minecraft.log2":8,"stat.pickup.minecraft.feather":4,"stat.useItem.minecraft.furnace":1,"stat.pickup.minecraft.planks":5,"stat.mineBlock.minecraft.gravel":10,"stat.useItem.minecraft.stone_pickaxe":149,"stat.craftItem.minecraft.iron_leggings":1,"stat.mineBlock.minecraft.dirt":59,"stat.useItem.minecraft.torch":60,"stat.useItem.spartanweaponry.dagger_stone":3,"stat.pickup.minecraft.crafting_table":2,"stat.useItem.minecraft.log":16,"stat.useItem.minecraft.cobblestone":258,"stat.craftItem.minecraft.crafting_table":3,"stat.mineBlock.minecraft.double_plant":1,"stat.craftItem.minecraft.boat":1,"stat.pickup.minecraft.log":86,"stat.pickup.minecraft.iron_pickaxe":1,"stat.pickup.minecraft.chicken":5,"stat.pickup.minecraft.sapling":12,"stat.pickup.minecraft.apple":6,"stat.useItem.minecraft.glass_pane":66,"stat.craftItem.spartanshields.shield_tower_wood":1,"stat.craftItem.minecraft.planks":248,"stat.mineBlock.minecraft.log":76,"stat.craftItem.minecraft.cooked_chicken":2,"stat.mineBlock.minecraft.waterlily":1,"stat.pickup.harvestcraft.juteitem":7,"stat.pickup.minecraft.red_flower":3,"stat.sneakTime":13068,"stat.pickup.harvestcraft.tealeafitem":4,"stat.pickup.minecraft.wool":3,"stat.pickup.minecraft.stone_slab":1,"stat.pickup.minecraft.bone":2,"stat.useItem.minecraft.iron_axe":41,"stat.mineBlock.minecraft.cobblestone":37,"stat.entityKilledBy.Witch":1,"stat.pickup.basemetals.lead_ore":2,"stat.swimOneCm":35085,"stat.drop.minecraft.cobblestone":1,"stat.useItem.minecraft.dirt":16,"stat.useItem.harvestcraft.tomatoitem":4,"stat.useItem.minecraft.stone_slab2":40,"stat.craftItem.minecraft.furnace":3,"stat.craftItem.basemetals.tin_ingot":10,"stat.craftItem.minecraft.iron_boots":1,"stat.craftItem.minecraft.stone_pickaxe":1,"stat.craftItem.minecraft.cooked_beef":3,"stat.pickup.minecraft.cobblestone":735,"stat.useItem.minecraft.stone_shovel":131,"stat.flyOneCm":248721,"stat.pickup.minecraft.sandstone":63,"stat.useItem.minecraft.cooked_beef":3,"stat.craftItem.minecraft.wooden_slab":144,"stat.pickup.harvestcraft.leekitem":2,"stat.mineBlock.minecraft.iron_ore":54,"stat.timeSinceDeath":31517,"stat.useItem.minecraft.wooden_slab":154,"stat.pickup.minecraft.mutton":5,"stat.pickup.harvestcraft.whitemushroomitem":2,"stat.pickup.harvestcraft.beanitem":4,"stat.useItem.minecraft.cooked_porkchop":17,"stat.drop.spartanshields.shield_tower_wood":1,"stat.mineBlock.minecraft.coal_ore":102,"stat.pickup.minecraft.string":1,"stat.pickup.comforts.sleeping_bag":2,"stat.entityKilledBy.Skeleton":1,"stat.craftItem.minecraft.stone_slab2":0,"stat.sprintOneCm":225412,"stat.mineBlock.minecraft.stone_slab":1,"stat.craftItem.minecraft.stick":96,"stat.craftItem.minecraft.wooden_axe":1,"stat.mineBlock.harvestcraft.pamwalnut":3,"stat.craftItem.minecraft.stone":47,"stat.mineBlock.harvestcraft.pamapple":10,"stat.mineBlock.minecraft.crafting_table":2,"stat.mineBlock.minecraft.planks":5,"stat.drop":3,"stat.killEntity.Sheep":3,"stat.killEntity.Zombie":3,"stat.diveOneCm":46796,"stat.pickup.harvestcraft.garlicitem":3,"stat.mineBlock.basemetals.tin_ore":10,"stat.craftItem.basemetals.tin_pickaxe":2,"stat.pickup.minecraft.gravel":9,"stat.craftItem.minecraft.cooked_porkchop":17,"stat.pickup.minecraft.stone_axe":1,"stat.useItem.minecraft.apple":6,"stat.pickup.harvestcraft.blackberryitem":5,"stat.jump":2220,"stat.useItem.minecraft.sand":22,"stat.pickup.minecraft.coal":131,"stat.useItem.minecraft.stone_axe":205,"stat.mineBlock.harvestcraft.shadedgarden":25,"stat.pickup.minecraft.spider_eye":1,"stat.craftItem.minecraft.torch":144,"stat.pickup.minecraft.dirt":82,"stat.craftItem.minecraft.iron_helmet":1,"stat.useItem.minecraft.cooked_chicken":2,"stat.pickup.minecraft.iron_ore":56,"stat.boatOneCm":67164,"stat.mineBlock.minecraft.glass_pane":2,"stat.damageTaken":858,"stat.pickup.minecraft.leather":1,"stat.mineBlock.minecraft.torch":12,"stat.mineBlock.minecraft.furnace":2,"stat.useItem.minecraft.wooden_pickaxe":11,"stat.mineBlock.minecraft.sapling":1,"stat.pickup.minecraft.log2":8,"stat.mineBlock.harvestcraft.pamplum":2,"stat.damageDealt":3501,"stat.craftItem.minecraft.glass":64,"stat.sleepInBed":5,"stat.killEntity.Cow":2,"stat.killEntity.Pig":10,"stat.craftItem.minecraft.stone_shovel":1,"stat.walkOneCm":337488,"stat.useItem.minecraft.chest":4,"stat.pickup.minecraft.stick":2,"stat.pickup.harvestcraft.spiceleafitem":2,"stat.pickup.minecraft.stone":68,"stat.craftItem.minecraft.iron_chestplate":1,"stat.pickup.harvestcraft.zucchiniitem":6,"stat.killEntity.Skeleton":5,"stat.killEntity.Chicken":5,"stat.killEntity.Spider":2,"stat.mobKills":30,"stat.pickup.harvestcraft.plumitem":2,"stat.mineBlock.basemetals.lead_ore":2,"stat.useItem.minecraft.boat":1,"stat.useItem.minecraft.cobblestone_wall":5,"stat.mineBlock.minecraft.leaves":43,"stat.pickup.minecraft.torch":13,"stat.mineBlock.minecraft.stone":768,"stat.useItem.minecraft.sandstone":11}